timestamp,dac
0.0,0
0.2,0
0.4,3307
0.6,4344
0.8,6011
1.0,3061
1.2,8481
1.4,10109
1.6,7668
1.8,12235
2.0,14347
2.2,11171
2.4,16505
2.6,14355
2.8,19948
3.0,20390
3.2,18600
3.4,20009
3.6,20530
3.8,22653
4.0,25189
4.2,28223
4.4,25926
4.6,30589
4.8,27912
5.0,33599
5.2,31168
5.4,33561
5.6,32514
5.8,33385
6.0,38251
6.2,37356
6.4,36521
6.6,43950
6.8,40741
7.0,40897
7.2,44161
7.4,45237
7.6,46432
7.8,46664
8.0,47532
8.200000000000001,52192
8.4,50366
8.6,52350
8.8,54934
9.0,54361
9.2,56355
9.4,59546
9.6,62299
9.799999999999999,62354
10.0,64582
10.200000000000001,61022
10.4,64389
10.6,63846
10.8,64830
11.0,63114
11.2,60856
11.4,63072
11.6,57005
11.799999999999999,61442
12.0,55678
12.200000000000001,54809
12.4,56480
12.6,56025
12.8,49731
13.0,54006
13.2,52934
13.4,49665
13.6,48003
13.799999999999999,43462
14.0,46801
14.200000000000001,45391
14.4,44725
14.6,43389
14.8,39507
15.0,36857
15.2,38912
15.4,35450
15.6,34310
15.8,32594
16.0,34577
16.2,29383
16.400000000000002,27791
16.6,28600
16.8,27789
17.0,24218
17.2,22093
17.4,23701
17.6,21880
17.8,18658
18.0,17815
18.2,18362
18.4,18380
18.599999999999998,17679
18.8,14679
19.0,11299
19.2,13604
19.400000000000002,9198
19.599999999999998,7777
19.8,9986
20.0,6455
20.2,8034
20.400000000000002,2583
20.6,1193
20.8,5433
21.0,898
21.2,3426
21.4,0
21.6,5025
21.8,4010
22.0,2044
22.2,5166
22.4,8521
22.599999999999998,9506
22.8,12737
23.0,9356
23.2,13118
23.400000000000002,15793
23.599999999999998,12609
23.8,12646
24.0,17674
24.2,16823
24.400000000000002,18162
24.6,20966
24.8,23644
25.0,20018
25.2,21849
25.4,28778
25.6,28513
25.8,28505
26.0,26458
26.200000000000003,29155
26.4,30856
26.599999999999998,34202
26.8,31709
27.0,32913
27.2,37280
27.400000000000002,40764
27.599999999999998,38154
27.799999999999997,42442
28.0,42705
28.2,42872
28.400000000000002,41509
28.6,43797
28.8,46767
29.0,46606
29.2,49251
29.4,49057
29.6,49134
29.8,53230
30.0,56611
30.200000000000003,55703
30.4,55007
30.599999999999998,60125
30.8,59139
31.0,59564
31.2,62359
31.4,65126
31.6,61492
31.8,63878
32.0,65497
32.2,61696
32.4,64151
32.599999999999994,60602
32.800000000000004,56871
33.0,61751
33.2,58255
33.4,59151
33.6,53438
33.8,51845
34.0,49860
34.2,53409
34.4,47674
34.6,46435
34.8,50249
35.0,44166
35.2,47023
35.4,42627
35.6,39799
35.8,43958
36.0,37893
36.2,41353
36.4,38567
36.6,38817
36.8,34527
37.0,32294
37.199999999999996,29706
37.400000000000006,33254
37.6,31817
37.8,26786
38.0,27471
38.199999999999996,24847
38.4,25377
38.6,23858
38.800000000000004,20199
39.0,20805
39.199999999999996,23201
39.4,20794
39.6,19918
39.800000000000004,16049
40.0,16607
40.2,14637
40.4,11133
40.599999999999994,12222
40.800000000000004,13731
41.0,7581
41.2,9570
41.4,7878
41.6,7495
41.8,1209
42.0,4057
42.2,2163
42.4,2141
42.6,908
42.8,4460
43.0,779
43.2,2271
43.4,2187
43.6,5428
43.8,5286
44.0,12363
44.2,9133
44.4,10824
44.6,13658
44.8,12282
45.0,13965
45.199999999999996,19524
45.400000000000006,20489
45.6,18658
45.8,22271
46.0,21082
46.199999999999996,25821
46.4,24715
46.6,27364
46.800000000000004,28797
47.0,25480
47.199999999999996,29137
47.4,30725
47.6,33290
47.800000000000004,35354
48.0,35400
48.2,33727
48.4,38388
48.599999999999994,35858
48.800000000000004,37017
49.0,40184
49.2,40859
49.4,39486
49.6,43194
49.8,45486
50.0,43443
50.2,50510
50.4,50123
50.6,47381
50.8,53163
51.0,50659
51.2,55534
51.4,52802
51.6,55183
51.8,57709
52.0,60860
52.2,58022
52.400000000000006,60460
52.6,63154
52.8,62588
53.0,65535
53.199999999999996,65535
53.400000000000006,61010
53.6,64695
53.8,64133
54.0,63506
54.199999999999996,58178
54.4,54654
54.6,59342
54.800000000000004,53255
55.0,51901
55.199999999999996,54830
55.4,54349
55.599999999999994,49825
55.800000000000004,49369
56.0,48452
56.2,44142
56.4,48239
56.599999999999994,46790
56.800000000000004,43239
57.0,41678
57.2,39399
57.4,40869
57.6,37948
57.8,37157
58.0,33257
58.2,36176
58.4,31385
58.6,33913
58.8,28630
59.0,27555
59.2,25512
59.4,25425
59.6,22793
59.8,21485
60.0,23993
60.199999999999996,19361
60.400000000000006,21465
60.6,18914
60.8,18675
61.0,20353
61.199999999999996,16220
61.400000000000006,14685
61.6,11827
61.800000000000004,11237
62.0,12654
62.199999999999996,6621
62.4,7831
62.6,6700
62.8,6194
63.0,7252
63.2,2210
63.4,2840
63.6,1265
63.8,1321
64.0,1420
64.19999999999999,3710
64.4,4218
64.60000000000001,7390
64.8,8888
65.0,9144
65.19999999999999,5620
65.4,7991
65.60000000000001,10301
65.8,14969
66.0,16404
66.19999999999999,11646
66.4,17439
66.60000000000001,18039
66.8,19625
67.0,21701
67.2,21721
67.4,23566
67.6,21084
67.8,27949
68.0,27634
68.2,29151
68.4,29929
68.6,26482
68.8,33560
69.0,31384
69.2,30409
69.4,36561
69.6,32928
69.8,37618
70.0,39268
70.2,39387
70.4,43726
70.6,42984
70.8,42992
71.0,41836
71.2,42889
71.4,49936
71.6,46904
71.8,46987
72.0,48311
72.2,53769
72.4,50774
72.6,52083
72.8,53838
73.0,55513
73.2,55488
73.4,58776
73.6,60350
73.80000000000001,59226
74.0,60664
74.2,63908
74.39999999999999,65535
74.6,64841
74.80000000000001,60551
75.0,65018
75.2,61445
75.39999999999999,59374
75.6,58334
75.80000000000001,57643
76.0,56630
76.2,53319
76.39999999999999,50566
76.6,51835
76.8,51822
77.0,49636
77.2,51591
77.39999999999999,47237
77.60000000000001,47700
77.8,47541
78.0,40818
78.2,44147
78.39999999999999,43229
78.60000000000001,42498
78.8,35791
79.0,34953
79.2,33394
79.39999999999999,33333
79.60000000000001,31869
79.8,33963
80.0,30302
80.19999999999999,32189
80.4,27264
80.60000000000001,28328
80.8,28249
81.0,24722
81.19999999999999,22660
81.4,20125
81.60000000000001,20798
81.8,20712
82.0,16181
82.19999999999999,16706
82.4,16525
82.60000000000001,17328
82.8,12121
83.0,14505
83.2,11483
83.4,11749
83.6,12012
83.8,4647
84.0,8944
84.2,6838
84.4,7054
84.6,248
84.8,0
85.0,0
85.2,3909
85.4,2084
85.6,3201
85.8,1418
86.0,4319
86.2,5850
86.4,7660
86.6,9235
86.8,9108
87.0,9324
87.2,12591
87.4,15863
87.6,12627
87.8,16988
88.0,21324
88.2,18288
88.4,17485
88.6,19297
88.8,26115
89.0,25368
89.2,28686
89.39999999999999,26925
89.6,25586
89.80000000000001,31886
90.0,30266
90.2,33430
90.39999999999999,30080
90.6,37135
90.80000000000001,37345
91.0,34105
91.2,37605
91.39999999999999,39099
91.6,40660
91.80000000000001,41964
92.0,45948
92.2,46360
92.39999999999999,45690
92.60000000000001,47541
92.8,48745
93.0,47318
93.2,51114
93.39999999999999,49600
93.60000000000001,51004
93.8,57112
94.0,51969
94.2,56599
94.39999999999999,56838
94.60000000000001,59904
94.8,60176
95.0,58603
95.2,61009
95.4,64125
95.60000000000001,64351
95.8,65535
96.0,64952
96.19999999999999,59378
96.4,59304
96.60000000000001,60980
96.8,55487
97.0,59863
97.19999999999999,54808
97.4,56780
97.60000000000001,56611
97.8,49439
98.0,50089
98.19999999999999,50214
98.4,50952
98.6,47066
98.8,48245
99.0,45175
99.2,46018
99.4,45124
99.6,44573
99.8,37876
100.0,40165
100.2,35942
100.4,34965
100.6,31958
100.8,31289
101.0,33937
101.2,28777
101.4,30084
101.6,29313
101.8,27323
102.0,27586
102.2,22498
102.4,25690
102.6,23292
102.8,20722
103.0,17705
103.2,21859
103.4,14989
103.6,17774
103.8,13103
104.0,14410
104.2,16089
104.4,9689
104.6,7876
104.80000000000001,8586
105.0,10114
105.2,5536
105.39999999999999,2823
105.6,3308
105.80000000000001,6064
106.0,1014
106.2,1522
106.39999999999999,1689
106.6,5031
106.80000000000001,4281
107.0,3666
107.2,4254
107.39999999999999,7453
107.6,4875
107.80000000000001,11710
108.0,9283
108.2,8879
108.39999999999999,14917
108.60000000000001,17306
108.8,17023
109.0,13608
109.2,17207
109.39999999999999,16827
109.60000000000001,17371
109.8,18627
110.0,23103
110.2,25448
110.39999999999999,23081
110.60000000000001,28479
110.8,30865
111.0,30627
111.19999999999999,27118
111.4,29011
111.60000000000001,31920
111.8,34916
112.0,34916
112.19999999999999,35183
112.4,38593
112.60000000000001,37019
112.8,38203
113.0,37968
113.19999999999999,45004
113.4,41726
113.60000000000001,47401
113.8,46303
114.0,46389
114.2,46358
114.4,48568
114.6,50612
114.8,52779
115.0,51565
115.2,56108
115.4,56859
115.6,58014
115.8,59657
116.0,61522
116.2,58058
116.4,61654
116.6,65535
116.8,63413
117.0,65283
117.2,64885
117.4,65231
117.6,60719
117.8,61617
118.0,60488
118.2,60548
118.4,53602
118.6,54719
118.8,54013
119.0,50272
119.2,50950
119.4,50035
119.6,50043
119.8,45673
120.0,47205
120.2,46859
120.39999999999999,41283
120.6,42022
120.80000000000001,43683
121.0,41898
121.2,41075
121.39999999999999,36847
121.6,37627
121.80000000000001,37230
122.0,36327
122.2,30663
122.39999999999999,29700
122.6,31348
122.80000000000001,27886
123.0,25048
123.2,26518
123.39999999999999,25842
123.60000000000001,22676
123.8,22415
124.0,19729
124.2,17764
124.39999999999999,18167
124.60000000000001,16276
124.8,16560
125.0,14500
125.2,11473
125.4,12799
125.6,9026
125.8,11674
126.0,11056
126.2,11719
126.4,6374
126.6,3027
126.8,2052
127.0,4326
127.2,4792
127.40000000000002,920
127.6,1818
127.8,0
128.0,1986
128.20000000000002,5779
128.39999999999998,2330
128.6,8399
128.8,10425
129.0,10684
129.20000000000002,9212
129.39999999999998,9753
129.6,15120
129.8,13668
130.0,14460
130.20000000000002,14781
130.39999999999998,18475
130.6,18932
130.8,19989
131.0,19682
131.20000000000002,22884
131.39999999999998,25448
131.6,24946
131.8,23878
132.0,24701
132.20000000000002,27199
132.39999999999998,27391
132.6,28082
132.8,33276
133.0,32971
133.20000000000002,36860
133.39999999999998,36322
133.6,40341
133.8,41577
134.0,38891
134.20000000000002,39205
134.4,40899
134.6,42671
134.8,42272
135.0,42680
135.2,45839
135.4,51199
135.6,49854
135.8,49985
136.0,49101
136.2,50004
136.4,57564
136.6,55778
136.8,57120
137.0,54984
137.2,61169
137.4,62104
137.6,59093
137.8,61399
138.0,65535
138.2,65535
138.4,62586
138.6,65535
138.8,64856
139.0,62038
139.2,62063
139.4,55188
139.6,53872
139.8,54153
140.0,55076
140.2,55460
140.4,53121
140.6,49017
140.8,46861
141.0,48145
141.2,50087
141.4,47105
141.6,47141
141.8,42365
142.0,44711
142.2,38724
142.4,37905
142.6,36013
142.8,35849
143.0,39149
143.2,34100
143.4,36600
143.6,33578
143.8,32086
144.0,31450
144.2,30221
144.4,24915
144.6,29321
144.8,23145
145.0,25983
145.2,25223
145.4,20914
145.6,17472
145.8,17535
146.0,16452
146.2,15298
146.4,12493
146.6,15519
146.8,13143
147.0,13978
147.2,11909
147.4,8950
147.60000000000002,9872
147.79999999999998,4299
148.0,7623
148.2,4305
148.4,712
148.60000000000002,0
148.79999999999998,282
149.0,4258
149.2,2710
149.4,1475
149.60000000000002,7894
149.79999999999998,4551
150.0,5648
150.2,7950
150.4,12555
150.60000000000002,12277
150.79999999999998,14586
151.0,14309
151.2,11667
151.4,19024
151.60000000000002,14311
151.79999999999998,18060
152.0,18038
152.2,17765
152.4,22063
152.60000000000002,24415
152.79999999999998,26433
153.0,25498
153.2,28757
153.4,30880
153.6,27227
153.79999999999998,32072
154.0,30530
154.20000000000002,31561
154.4,31577
154.6,37999
154.79999999999998,38167
155.0,40285
155.20000000000002,42116
155.4,40941
155.6,43438
155.79999999999998,44431
156.0,46033
156.20000000000002,45398
156.4,49294
156.6,47830
156.79999999999998,48011
157.0,51607
157.20000000000002,54800
157.4,54182
157.6,55190
157.79999999999998,55192
158.0,56233
158.20000000000002,59138
158.4,57696
158.6,58590
158.79999999999998,59646
159.0,61203
159.20000000000002,62871
159.39999999999998,64414
159.6,65535
159.8,62051
160.0,61352
160.20000000000002,62280
160.39999999999998,59735
160.6,55336
160.8,54878
161.0,53994
161.20000000000002,54090
161.39999999999998,52568
161.6,52432
161.8,53333
162.0,47288
162.20000000000002,51406
162.39999999999998,46854
162.6,47863
162.8,46538
163.0,41339
163.20000000000002,44976
163.39999999999998,40662
163.6,40360
163.8,41099
164.0,40433
164.20000000000002,36036
164.39999999999998,34982
164.6,36915
164.8,34709
165.0,30869
165.20000000000002,30822
165.39999999999998,30882
165.6,24571
165.8,25697
166.0,26906
166.2,25455
166.4,24972
166.6,22164
166.8,18336
167.0,19537
167.2,20476
167.4,19846
167.6,13107
167.8,14750
168.0,10546
168.2,12124
168.4,8385
168.6,8231
168.8,5768
169.0,8879
169.2,2384
169.4,7319
169.6,2712
169.8,1421
170.0,2651
170.2,0
170.4,951
170.6,1744
170.8,3653
171.0,4765
171.2,9854
171.4,8049
171.6,11738
171.8,7915
172.0,11423
172.2,13397
172.4,16155
172.6,14835
172.8,19053
173.0,18345
173.2,20105
173.4,21240
173.6,24781
173.8,25759
174.0,21589
174.2,26807
174.4,27760
174.6,28019
174.8,30582
175.0,33013
175.2,29028
175.4,32196
175.6,34229
175.8,38373
176.0,36822
176.2,39584
176.4,36187
176.6,42319
176.8,40357
177.0,41696
177.2,46773
177.4,45103
177.6,48866
177.8,48188
178.0,51538
178.2,52242
178.4,51696
178.60000000000002,54417
178.79999999999998,56580
179.0,56147
179.2,58219
179.4,58427
179.60000000000002,56152
179.79999999999998,62358
180.0,60317
180.2,63315
180.4,63934
180.60000000000002,63920
180.79999999999998,64218
181.0,63763
181.2,64895
181.4,63672
181.60000000000002,61881
181.79999999999998,60672
182.0,56897
182.2,55203
182.4,55912
182.60000000000002,51169
182.79999999999998,50852
183.0,49585
183.2,47307
183.4,50121
183.60000000000002,49926
183.79999999999998,49028
184.0,46293
184.2,42995
184.4,41516
184.6,40464
184.79999999999998,39398
185.0,41659
185.20000000000002,34886
185.4,36151
185.6,32522
185.79999999999998,33148
186.0,36333
186.20000000000002,32865
186.4,28167
186.6,29552
186.79999999999998,27378
187.0,28841
187.20000000000002,24165
187.4,23099
187.6,25683
187.79999999999998,22462
188.0,19871
188.20000000000002,22402
188.4,17846
188.6,14273
188.79999999999998,16370
189.0,16382
189.20000000000002,14455
189.4,12365
189.6,11127
189.79999999999998,9332
190.0,10568
190.20000000000002,8208
190.4,3581
190.6,4912
190.8,4965
191.0,5067
191.20000000000002,0
191.39999999999998,0
191.6,0
191.8,5887
192.0,1374
192.20000000000002,7325
192.39999999999998,9144
192.6,9828
192.8,8336
193.0,11747
193.20000000000002,8282
193.39999999999998,15207
193.6,11158
193.8,17939
194.0,18575
194.20000000000002,16123
194.39999999999998,18822
194.6,20830
194.8,22216
195.0,24337
195.20000000000002,24434
195.39999999999998,24270
195.6,24227
195.8,28821
196.0,29318
196.20000000000002,26844
196.39999999999998,31606
196.6,32860
196.8,31330
197.0,32211
197.2,36862
197.4,38584
197.6,36362
197.8,38187
198.0,38490
198.2,44139
198.4,43527
198.6,42952
198.8,44307
199.0,45976
199.2,49364
199.4,49678
199.6,50735
199.8,51280
200.0,52834
200.2,57688
200.4,54887
200.6,58984
200.8,61028
201.0,60178
201.2,60175
201.4,58731
201.6,62300
201.8,65535
202.0,62990
202.2,64506
202.4,65535
202.6,62025
202.8,63389
203.0,60913
203.2,56169
203.4,59485
203.6,57288
203.8,57300
204.0,53871
204.2,55067
204.4,51410
204.6,46744
204.8,45256
205.0,44671
205.2,44193
205.4,43088
205.6,44565
205.8,39497
206.0,43001
206.2,42829
206.4,39351
206.6,38200
206.8,33669
207.0,35529
207.2,33158
207.4,32037
207.6,31428
207.8,30980
208.0,26975
208.2,26300
208.4,24340
208.6,24966
208.8,24659
209.0,25228
209.2,19489
209.4,17428
209.60000000000002,16214
209.79999999999998,18324
210.0,13903
210.2,12359
210.4,11469
210.60000000000002,12729
210.79999999999998,8322
211.0,9463
211.2,8501
211.4,6349
211.60000000000002,3399
211.79999999999998,5338
212.0,4783
212.2,0
212.4,2521
212.60000000000002,561
212.79999999999998,167
213.0,3055
213.2,5886
213.4,7947
213.60000000000002,4286
213.79999999999998,9566
214.0,6863
214.2,10376
214.4,7703
214.60000000000002,12378
214.79999999999998,12901
215.0,13331
215.2,14089
215.4,18788
215.60000000000002,18089
215.79999999999998,20294
216.0,23680
216.20000000000002,24170
216.4,25057
216.6,22440
216.79999999999998,24381
217.0,26071
217.20000000000002,29924
217.4,30533
217.6,29490
217.79999999999998,33003
218.0,35041
218.20000000000002,34582
218.4,36358
218.6,39857
218.79999999999998,39351
219.0,37249
219.20000000000002,41231
219.4,41541
219.6,45860
219.79999999999998,47034
220.0,42722
220.20000000000002,46346
220.4,44895
220.6,48315
220.79999999999998,50099
221.0,48747
221.20000000000002,53864
221.4,55551
221.6,54347
221.8,58514
222.0,60747
222.20000000000002,56184
222.39999999999998,61057
222.6,59182
222.8,60199
223.0,65535
223.20000000000002,64730
223.39999999999998,65535
223.6,63843
223.8,64306
224.0,61189
224.20000000000002,58758
224.39999999999998,55726
224.6,55581
224.8,56136
225.0,53425
225.20000000000002,51378
225.39999999999998,50051
225.6,52465
225.8,48070
226.0,46383
226.20000000000002,48559
226.39999999999998,46936
226.6,42560
226.8,42531
227.0,40445
227.20000000000002,38977
227.39999999999998,37499
227.6,40652
227.8,40760
228.0,36799
228.2,31809
228.4,36101
228.6,35302
228.8,33716
229.0,26954
229.2,26383
229.4,25952
229.6,23835
229.8,22408
230.0,22351
230.2,22028
230.4,19901
230.6,19246
230.8,20544
231.0,21074
231.2,19410
231.4,16029
231.6,16303
231.8,15306
232.0,14142
232.2,12436
232.4,9230
232.6,8618
232.8,7584
233.0,3237
233.2,2828
233.4,4472
233.6,4477
233.8,1121
234.0,2134
234.2,758
234.4,4609
234.6,5593
234.8,7176
235.0,6776
235.2,10634
235.4,7511
235.6,10600
235.8,10931
236.0,11130
236.2,12000
236.4,14246
236.6,15410
236.8,15773
237.0,17753
237.2,20272
237.4,20380
237.6,21462
237.8,26106
238.0,26742
238.2,25125
238.4,27886
238.6,27416
238.8,31826
239.0,30952
239.2,35391
239.4,31257
239.6,35769
239.8,35444
240.0,37497
240.2,36676
240.4,38440
240.6,38401
240.79999999999998,45166
241.0,40551
241.2,47277
241.4,43500
241.60000000000002,47308
241.79999999999998,51882
242.0,50060
242.2,53768
242.4,55215
242.60000000000002,51183
242.79999999999998,52708
243.0,58157
243.2,55021
243.4,59502
243.60000000000002,60426
243.79999999999998,59357
244.0,61681
244.2,63685
244.4,65535
244.60000000000002,65535
244.79999999999998,64886
245.0,61500
245.2,59187
245.4,57427
245.60000000000002,58187
245.79999999999998,60358
246.0,57187
246.2,55528
246.4,54495
246.60000000000002,52980
246.79999999999998,50298
247.0,49294
247.20000000000002,50852
247.4,50106
247.6,44238
247.79999999999998,47386
248.0,45222
248.20000000000002,42857
248.4,43517
248.6,39236
248.79999999999998,37738
249.0,38140
249.20000000000002,38662
249.4,36312
249.6,34234
249.79999999999998,34462
250.0,31343
250.2,32264
250.4,27720
250.6,25015
250.8,29762
251.0,28712
251.2,26056
251.4,23587
251.6,19220
251.8,18842
252.0,17589
252.2,18763
252.4,16562
252.6,18559
252.8,15957
253.0,14154
253.2,12418
253.4,8227
253.6,6482
253.8,9593
254.0,8138
254.2,4391
254.4,6215
254.6,2964
254.80000000000004,5203
255.0,0
255.2,3468
255.4,394
255.6,4653
255.80000000000004,4508
256.0,3835
256.2,5906
256.40000000000003,8467
256.6,7448
256.79999999999995,7694
257.0,14607
257.2,11006
257.40000000000003,10568
257.6,16140
257.79999999999995,15666
258.0,17707
258.2,21039
258.40000000000003,19436
258.6,20701
258.79999999999995,25560
259.0,26656
259.2,25994
259.40000000000003,24100
259.6,30673
259.79999999999995,27101
260.0,31155
260.2,29680
260.40000000000003,33574
260.6,34896
260.79999999999995,36518
261.0,33201
261.2,36323
261.40000000000003,39097
261.6,42141
261.79999999999995,38128
262.0,39419
262.2,43830
262.40000000000003,46015
262.6,48845
262.79999999999995,49174
263.0,45164
263.2,52146
263.40000000000003,49302
263.6,52912
263.79999999999995,52480
264.0,56140
264.2,54857
264.40000000000003,54536
264.6,57893
264.79999999999995,61013
265.0,62383
265.2,62931
265.40000000000003,65088
265.6,65535
265.79999999999995,63932
266.0,61796
266.2,63213
266.40000000000003,60465
266.6,57710
266.79999999999995,61911
267.0,55831
267.2,54254
267.40000000000003,54129
267.6,52717
267.79999999999995,50923
268.0,49789
268.2,53297
268.40000000000003,52032
268.6,49854
268.8,47115
269.0,46808
269.2,43152
269.4,43032
269.6,44511
269.8,39199
270.0,42329
270.2,36094
270.4,39893
270.6,36320
270.8,31519
271.0,31944
271.2,29075
271.4,28929
271.6,30159
271.8,28224
272.0,25296
272.2,24506
272.4,27516
272.6,21636
272.8,21611
273.0,19514
273.2,20985
273.4,18780
273.6,15025
273.8,16556
274.0,16457
274.2,10876
274.4,12316
274.6,10885
274.8,7707
275.0,10315
275.2,5023
275.4,5277
275.6,3971
275.8,644
276.0,5178
276.2,3669
276.4,3144
276.6,2456
276.8,3024
277.0,6385
277.2,7270
277.4,8266
277.6,10206
277.8,10315
278.0,10381
278.2,7944
278.4,9062
278.6,15481
278.8,12564
279.0,14998
279.2,16818
279.4,18058
279.6,20510
279.8,21700
280.0,20572
280.2,21989
280.4,26554
280.6,24911
280.8,29053
281.0,26125
281.2,32504
281.4,28791
281.6,34819
281.8,36263
282.0,34037
282.2,32711
282.4,38322
282.6,39420
282.8,39775
283.0,40188
283.2,42769
283.4,40485
283.6,47423
283.8,46541
284.0,45466
284.2,46410
284.4,46425
284.6,53298
284.8,50442
285.0,50121
285.2,53351
285.4,53834
285.6,58425
285.8,54916
286.0,60599
286.2,59141
286.4,60288
286.6,62970
286.8,65535
287.0,64032
287.2,65535
287.4,64246
287.6,62054
287.8,62534
288.0,62590
288.2,56374
288.4,59517
288.6,59021
288.8,53293
289.0,55137
289.2,52210
289.4,50294
289.6,51153
289.8,51168
290.0,50576
290.2,45390
290.4,41904
290.6,46382
290.8,42385
291.0,44189
291.2,40188
291.4,37861
291.6,36107
291.8,33633
292.0,33521
292.2,32799
292.4,32046
292.6,31802
292.8,27716
293.0,25588
293.2,30163
293.4,28102
293.6,22281
293.8,22267
294.0,20950
294.20000000000005,21722
294.4,19640
294.59999999999997,19242
294.8,14622
295.0,16118
295.20000000000005,15581
295.4,12140
295.59999999999997,13281
295.8,9371
296.0,10908
296.20000000000005,9821
296.4,4958
296.59999999999997,8431
296.8,3248
297.0,6567
297.20000000000005,1580
297.4,0
297.59999999999997,0
297.8,1504
298.0,1266
298.20000000000005,4240
298.4,6933
298.59999999999997,5140
298.8,5833
299.0,10639
299.20000000000005,8467
299.4,10342
299.59999999999997,11263
299.8,11036
300.0,12088
300.20000000000005,13015
300.4,18667
300.59999999999997,19566
300.8,20735
301.0,21908
301.20000000000005,24934
301.4,22488
301.59999999999997,24155
301.8,22815
302.0,26780
302.20000000000005,27538
302.4,29028
302.59999999999997,28926
302.8,28819
303.0,31856
303.20000000000005,37125
303.4,32883
303.59999999999997,36302
303.8,36810
304.0,38966
304.20000000000005,40979
304.4,39301
304.59999999999997,44478
304.8,43459
305.0,46052
305.20000000000005,47740
305.4,45516
305.59999999999997,47782
305.8,49416
306.0,48276
306.20000000000005,50507
306.4,55155
306.59999999999997,53503
306.8,55449
307.0,54960
307.2,56606
307.40000000000003,57218
307.59999999999997,58005
307.8,64873
308.0,64441
308.2,62570
308.40000000000003,62740
308.59999999999997,65535
308.8,63515
309.0,64026
309.2,60389
309.40000000000003,60819
309.59999999999997,57633
309.8,53278
310.0,53010
310.2,54981
310.40000000000003,49402
310.59999999999997,54138
310.8,52934
311.0,51256
311.2,44885
311.40000000000003,46453
311.59999999999997,42609
311.8,45599
312.0,46043
312.2,41817
312.40000000000003,38422
312.59999999999997,41266
312.8,40280
313.0,36004
313.2,38282
313.40000000000003,33373
313.59999999999997,32631
313.8,34210
314.0,29568
314.2,27194
314.40000000000003,28591
314.59999999999997,25589
314.8,25185
315.0,26698
315.2,26107
315.40000000000003,22896
315.59999999999997,22389
315.8,20917
316.0,20621
316.2,20072
316.40000000000003,18314
316.59999999999997,16421
316.8,10298
317.0,11840
317.2,13894
317.40000000000003,11372
317.59999999999997,7742
317.8,9547
318.0,6431
318.2,5633
318.40000000000003,5075
318.6,0
318.79999999999995,3889
319.0,1825
319.2,0
319.40000000000003,0
319.6,5861
319.79999999999995,8145
320.0,3403
320.2,9847
320.40000000000003,10424
320.6,13404
320.79999999999995,11903
321.0,10692
321.2,16168
321.40000000000003,16516
321.6,19077
321.79999999999995,20603
322.0,18135
322.2,21087
322.40000000000003,18241
322.6,21608
322.79999999999995,25089
323.0,27666
323.2,28526
323.40000000000003,26758
323.6,27328
323.79999999999995,32238
324.0,29800
324.2,34970
324.40000000000003,30657
324.6,36874
324.79999999999995,36574
325.0,37642
325.2,35398
325.40000000000003,37591
325.6,43693
325.79999999999995,42981
326.0,40998
326.2,46253
326.40000000000003,48363
326.6,49488
326.79999999999995,51142
327.0,52134
327.2,49571
327.40000000000003,55381
327.6,53910
327.79999999999995,56851
328.0,56233
328.2,58586
328.40000000000003,60191
328.6,58079
328.79999999999995,58167
329.0,62873
329.2,63142
329.40000000000003,63235
329.6,63360
329.79999999999995,64609
330.0,62308
330.2,58544
330.40000000000003,60368
330.6,58916
330.79999999999995,56842
331.0,55738
331.2,53076
331.4,51019
331.6,55446
331.8,54897
332.0,53208
332.2,49387
332.4,47612
332.6,49041
332.8,46753
333.0,44595
333.2,45245
333.4,39308
333.6,40764
333.8,42276
334.0,35408
334.2,39824
334.4,38581
334.6,31416
334.8,33830
335.0,29738
335.2,33180
335.4,30250
335.6,28720
335.8,27652
336.0,26067
336.2,26465
336.4,20849
336.6,22460
336.8,22941
337.0,21918
337.2,19130
337.4,19866
337.6,16014
337.8,12101
338.0,14399
338.2,10754
338.4,10052
338.6,9551
338.8,11515
339.0,9726
339.2,8165
339.4,5154
339.6,6864
339.8,1093
340.0,980
340.2,0
340.4,1272
340.6,5518
340.8,6928
341.0,1732
341.2,7465
341.4,10524
341.6,8483
341.8,8767
342.0,12569
342.2,15300
342.4,13906
342.6,13760
342.8,15285
343.0,14290
343.2,19502
343.4,19102
343.6,22578
343.8,20094
344.0,26242
344.2,23092
344.4,27435
344.6,24121
344.8,29634
345.0,29835
345.2,28286
345.4,29072
345.6,31863
345.8,34193
346.0,37667
346.2,38064
346.4,38291
346.6,38549
346.8,38765
347.0,43729
347.2,46387
347.4,46544
347.6,48084
347.8,48715
348.0,47311
348.2,48414
348.4,49468
348.6,53100
348.8,54636
349.0,57477
349.2,58197
349.4,54313
349.6,56566
349.8,60510
350.0,58688
350.2,58735
350.4,63241
350.6,65535
350.8,65535
351.0,63950
351.2,64927
351.4,61983
351.6,63032
351.8,58581
352.0,60823
352.2,58739
352.4,53388
352.6,55282
352.8,52034
353.0,49436
353.2,53598
353.4,51004
353.6,50655
353.8,45986
354.0,43153
354.2,44163
354.4,44616
354.6,44097
354.8,41184
355.0,41161
355.2,38300
355.4,35723
355.6,33158
355.8,34252
356.0,35512
356.2,31683
356.4,29532
356.59999999999997,30022
356.8,29442
357.0,30331
357.20000000000005,27581
357.4,27706
357.59999999999997,23696
357.8,24451
358.0,18792
358.20000000000005,18914
358.4,15712
358.59999999999997,15558
358.8,14669
359.0,13496
359.20000000000005,16131
359.4,15301
359.59999999999997,8359
359.8,12926
360.0,10910
360.20000000000005,10491
360.4,7378
360.59999999999997,4644
360.8,3251
361.0,4836
361.20000000000005,3720
361.4,0
361.59999999999997,2051
361.8,2467
362.0,3623
362.20000000000005,3945
362.4,3535
362.59999999999997,7075
362.8,10810
363.0,7972
363.20000000000005,13560
363.4,13802
363.59999999999997,11901
363.8,14729
364.0,14994
364.20000000000005,16127
364.4,21039
364.59999999999997,17992
364.8,17374
365.0,20049
365.20000000000005,19732
365.4,25971
365.59999999999997,28669
365.8,24794
366.0,26365
366.20000000000005,32302
366.4,27229
366.59999999999997,28541
366.8,34492
367.0,31810
367.20000000000005,37029
367.4,34129
367.59999999999997,39899
367.8,40736
368.0,43208
368.20000000000005,42817
368.4,43603
368.59999999999997,43605
368.8,47062
369.0,44969
369.2,46912
369.40000000000003,48353
369.59999999999997,52592
369.8,51693
370.0,49674
370.2,55195
370.40000000000003,55062
370.59999999999997,57833
370.8,57689
371.0,58815
371.2,61884
371.40000000000003,60012
371.59999999999997,59356
371.8,65535
372.0,64174
372.2,64953
372.40000000000003,63780
372.59999999999997,63070
372.8,61148
373.0,62565
373.2,58528
373.40000000000003,54252
373.59999999999997,53563
373.8,53416
374.0,53375
374.2,53836
374.40000000000003,51480
374.59999999999997,47229
374.8,51066
375.0,48063
375.2,49111
375.40000000000003,46937
375.59999999999997,42677
375.8,44526
376.0,39547
376.2,38082
376.40000000000003,40067
376.59999999999997,38945
376.8,35710
377.0,35373
377.2,37143
377.40000000000003,35385
377.59999999999997,32088
377.8,28383
378.0,32211
378.2,24722
378.40000000000003,24268
378.59999999999997,24790
378.8,27240
379.0,25899
379.2,19246
379.40000000000003,22494
379.59999999999997,17151
379.8,19624
380.0,18944
380.2,17157
380.40000000000003,11219
380.59999999999997,13551
380.8,10089
381.0,12988
381.2,6954
381.40000000000003,5872
381.6,3767
381.79999999999995,4025
382.0,3917
382.2,149
382.40000000000003,2709
382.6,0
382.79999999999995,0
383.0,3421
383.2,426
383.40000000000003,1669
383.6,6091
383.79999999999995,5377
384.0,8730
384.2,12051
384.40000000000003,9917
384.6,9408
384.79999999999995,9627
385.0,10728
385.2,14579
385.40000000000003,15663
385.6,16871
385.79999999999995,19424
386.0,18059
386.2,19557
386.40000000000003,19845
386.6,26040
386.79999999999995,27057
387.0,26604
387.2,29324
387.40000000000003,27360
387.6,30833
387.79999999999995,34087
388.0,30453
388.2,31666
388.40000000000003,35150
388.6,35721
388.79999999999995,35163
389.0,39571
389.2,40651
389.40000000000003,43198
389.6,42918
389.79999999999995,41041
390.0,46975
390.2,44120
390.40000000000003,46779
390.6,50825
390.79999999999995,47434
391.0,49365
391.2,50231
391.40000000000003,53746
391.6,54446
391.79999999999995,53149
392.0,58435
392.2,61318
392.40000000000003,62481
392.6,61320
392.79999999999995,60275
393.0,62532
393.2,65535
393.40000000000003,64159
393.6,61975
393.8,64289
394.0,58840
394.2,63400
394.4,59322
394.6,60429
394.8,57079
395.0,56354
395.2,53835
395.4,55854
395.6,53440
395.8,48158
396.0,50718
396.2,45304
396.4,44146
396.6,43400
396.8,44820
397.0,43642
397.2,40793
397.4,37928
397.6,38642
397.8,39096
398.0,36169
398.2,36131
398.4,36427
398.6,34643
398.8,31808
399.0,32463
399.2,29150
399.4,27881
399.6,28730
399.8,25754
400.0,24354
400.2,26178
400.4,22264
400.6,18210
400.8,22665
401.0,21159
401.2,16028
401.4,16571
401.6,11898
401.8,12836
402.0,13471
402.2,13100
402.4,8706
402.6,11461
402.8,8023
403.0,6533
403.2,4270
403.4,2208
403.6,3473
403.8,0
404.0,2766
404.2,0
404.4,1371
404.6,1357
404.8,2192
405.0,3020
405.2,5547
405.4,9410
405.6,10685
405.8,12129
406.0,11142
406.2,15331
406.4,16459
406.6,15007
406.8,18530
407.0,20215
407.2,19418
407.4,20417
407.6,21678
407.8,21217
408.0,21577
408.2,27304
408.4,26213
408.6,29140
408.8,29408
409.0,30323
409.2,34142
409.4,30275
409.6,37120
409.8,34471
410.0,35332
410.2,37820
410.4,36428
410.6,39705
410.8,41037
411.0,40347
411.2,44608
411.4,47457
411.6,49217
411.8,44976
412.0,47091
412.2,52752
412.4,51457
412.6,51417
412.8,54482
413.0,58006
413.2,58206
413.4,55517
413.6,59709
413.8,61576
414.0,64651
414.2,63079
414.4,61209
414.6,65535
414.8,62461
415.0,62806
415.2,62538
415.4,62821
415.6,56730
415.8,57415
416.0,57682
416.2,53652
416.4,53244
416.6,55259
416.8,49532
417.0,53885
417.2,48341
417.4,48605
417.6,50052
417.8,44736
418.0,41463
418.2,45435
418.4,41347
418.6,39373
418.8,42410
419.0,38527
419.20000000000005,36528
419.4,37620
419.59999999999997,37718
419.8,34624
420.0,29654
420.20000000000005,30659
420.4,31802
420.59999999999997,31194
420.8,25894
421.0,23493
421.20000000000005,22183
421.4,23838
421.59999999999997,19596
421.8,24462
422.0,20664
422.20000000000005,20423
422.4,19350
422.59999999999997,18122
422.8,12749
423.0,16991
423.20000000000005,9815
423.4,9914
423.59999999999997,11030
423.8,11870
424.0,8670
424.20000000000005,3435
424.4,7636
424.59999999999997,2767
424.8,3734
425.0,2285
425.20000000000005,1194
425.4,1071
425.59999999999997,2993
425.8,4119
426.0,5801
426.20000000000005,3862
426.4,7244
426.59999999999997,8104
426.8,7475
427.0,9761
427.20000000000005,14401
427.4,14160
427.59999999999997,14123
427.8,13715
428.0,14953
428.20000000000005,18992
428.4,20675
428.59999999999997,23255
428.8,24430
429.0,21007
429.20000000000005,22163
429.4,27134
429.59999999999997,25845
429.8,24974
430.0,31386
430.20000000000005,32672
430.4,30476
430.59999999999997,34218
430.8,34275
431.0,34604
431.20000000000005,36277
431.4,38901
431.59999999999997,41142
431.8,37719
432.0,42948
432.2,45084
432.40000000000003,41162
432.59999999999997,47787
432.8,48785
433.0,49069
433.2,48395
433.40000000000003,49403
433.59999999999997,52451
433.8,52504
434.0,51351
434.2,55983
434.40000000000003,59499
434.59999999999997,54429
434.8,57226
435.0,58220
435.2,58121
435.40000000000003,64049
435.59999999999997,64405
435.8,63798
436.0,65535
436.2,60613
436.40000000000003,62670
436.59999999999997,59740
436.8,61926
437.0,58897
437.2,55336
437.40000000000003,54410
437.59999999999997,52536
437.8,55267
438.0,53289
438.2,54554
438.40000000000003,47971
438.59999999999997,49174
438.8,49762
439.0,47574
439.2,43797
439.40000000000003,44817
439.59999999999997,45514
439.8,39710
440.0,41475
440.2,39027
440.40000000000003,40535
440.59999999999997,33670
440.8,38498
441.0,35354
441.2,32045
441.40000000000003,32025
441.59999999999997,31124
441.8,26306
442.0,27203
442.2,29246
442.40000000000003,22327
442.59999999999997,22203
442.8,19876
443.0,23015
443.2,19618
443.40000000000003,21823
443.6,17294
443.79999999999995,18920
444.0,13243
444.2,14934
444.40000000000003,9807
444.6,10970
444.79999999999995,8716
445.0,7983
445.2,10620
445.40000000000003,8634
445.6,7563
445.79999999999995,4224
446.0,1342
446.2,0
446.40000000000003,0
446.6,0
446.79999999999995,4231
447.0,0
447.2,3621
447.40000000000003,3703
447.6,9886
447.79999999999995,6280
448.0,6303
448.2,7687
448.40000000000003,9932
448.6,14036
448.79999999999995,10823
449.0,14363
449.2,17701
449.40000000000003,17485
449.6,17320
449.79999999999995,18271
450.0,19277
450.2,23809
450.40000000000003,21286
450.6,22005
450.79999999999995,27033
451.0,28094
451.2,26921
451.40000000000003,29984
451.6,28325
451.79999999999995,30132
452.0,33387
452.2,35827
452.40000000000003,38532
452.6,37840
452.79999999999995,39795
453.0,41248
453.2,41289
453.40000000000003,40093
453.6,46239
453.79999999999995,43972
454.0,46872
454.2,45389
454.40000000000003,45969
454.6,52692
454.79999999999995,48713
455.0,50659
455.2,55923
455.40000000000003,54785
455.6,55508
455.79999999999995,57570
456.0,60639
456.2,56425
456.4,58202
456.6,63493
456.8,62412
457.0,65535
457.2,65535
457.4,65535
457.6,59645
457.8,62105
458.0,58098
458.2,59267
458.4,60541
458.6,57210
458.8,54749
459.0,56117
459.2,53238
459.4,54541
459.6,49582
459.8,50625
460.0,45834
460.2,45542
460.4,47099
460.6,45526
460.8,41765
461.0,41583
461.2,43692
461.4,41030
461.6,35666
461.8,35298
462.0,34032
462.2,34619
462.4,30503
462.6,29250
462.8,29068
463.0,29252
463.2,31083
463.4,24462
463.6,26680
463.8,25273
464.0,22263
464.2,24292
464.4,22429
464.6,16803
464.8,17549
465.0,19137
465.2,14928
465.4,16233
465.6,15953
465.8,12536
466.0,12275
466.2,10472
466.4,9834
466.6,8173
466.8,3201
467.0,4088
467.2,3291
467.4,4009
467.6,3614
467.8,0
468.0,4398
468.2,2175
468.4,6227
468.6,4204
468.8,6376
469.0,6117
469.2,7356
469.4,7905
469.6,11593
469.8,11477
470.0,15423
470.2,16979
470.4,13007
470.6,16772
470.8,16446
471.0,19768
471.2,20874
471.4,21810
471.6,20618
471.8,22536
472.0,28891
472.2,29566
472.4,26938
472.6,29549
472.8,30149
473.0,32133
473.2,33237
473.4,33470
473.6,35255
473.8,35415
474.0,41500
474.2,39432
474.4,39302
474.6,40021
474.8,41574
475.0,43880
475.2,44963
475.4,48532
475.6,46276
475.8,48117
476.0,47609
476.2,49898
476.4,51749
476.6,56168
476.8,57973
477.0,60010
477.2,59594
477.4,58937
477.6,61349
477.8,61415
478.0,65370
478.2,65535
478.4,63053
478.6,65335
478.8,62491
479.0,61335
479.2,58726
479.4,59447
479.6,56144
479.8,56636
480.0,52649
480.2,51465
480.4,52937
480.6,53979
480.8,50557
481.0,48205
481.2,47310
481.4,47471
481.59999999999997,44572
481.8,44458
482.0,42480
482.20000000000005,40104
482.4,38139
482.59999999999997,40328
482.8,40023
483.0,39184
483.20000000000005,34034
483.4,34057
483.59999999999997,32726
483.8,29490
484.0,28286
484.20000000000005,30914
484.4,27151
484.59999999999997,26432
484.8,25728
485.0,25258
485.20000000000005,25370
485.4,25025
485.59999999999997,20013
485.8,22168
486.0,20757
486.20000000000005,15080
486.4,14466
486.59999999999997,16897
486.8,14476
487.0,14557
487.20000000000005,9840
487.4,8173
487.59999999999997,6963
487.8,6709
488.0,9635
488.20000000000005,8446
488.4,2824
488.59999999999997,0
488.8,0
489.0,0
489.20000000000005,2957
489.4,1866
489.59999999999997,5125
489.8,3215
490.0,8272
490.20000000000005,10361
490.4,7391
490.59999999999997,11643
490.8,12384
491.0,11023
491.20000000000005,12900
491.4,11784
491.59999999999997,14015
491.8,14137
492.0,16103
492.20000000000005,17773
492.4,17863
492.59999999999997,19672
492.8,24250
493.0,26644
493.20000000000005,27139
493.4,29094
493.59999999999997,25898
493.8,32240
494.0,28378
494.2,31225
494.40000000000003,31153
494.59999999999997,31010
494.8,34370
495.0,37658
495.2,37243
495.40000000000003,40372
495.59999999999997,41555
495.8,40877
496.0,45969
496.2,45318
496.40000000000003,44666
496.59999999999997,47818
496.8,49875
497.0,45999
497.2,52603
497.40000000000003,53626
497.59999999999997,52868
497.8,56894
498.0,53303
498.2,55052
498.40000000000003,57170
498.59999999999997,60885
498.8,59250
499.0,61819
499.2,62334
499.40000000000003,65535
499.59999999999997,65535
499.8,65535
500.0,63036
500.2,59287
500.4,59457
500.6,57783
500.8,57885
501.0,59028
501.2,56794
501.4,57593
501.6,50908
501.8,52821
502.0,48955
502.2,49367
502.4,49043
502.6,46384
502.8,44088
503.0,42304
503.2,46287
503.4,43130
503.6,40098
503.8,38102
504.0,39508
504.2,35853
504.4,38310
504.6,32377
504.8,36613
505.0,35953
505.2,28437
505.4,32965
505.6,31710
505.8,29521
506.0,26784
506.2,23728
506.4,23838
506.6,22519
506.8,24828
507.0,22771
507.2,16770
507.4,15834
507.6,19254
507.8,14055
508.0,15074
508.2,15944
508.4,11835
508.6000000000001,10844
508.8,7398
509.0,4948
509.2,7781
509.4,7960
509.6000000000001,6203
509.8,1619
510.0,1228
510.2,1147
510.4,0
510.6000000000001,3680
510.8,2550
511.0,3874
511.2,7762
511.4,5327
511.6000000000001,10517
511.8,7936
512.0,9483
512.2,14440
512.4,11603
512.5999999999999,13844
512.8000000000001,18488
513.0,18344
513.2,19637
513.4,18946
513.5999999999999,19965
513.8000000000001,21202
514.0,23580
514.2,25293
514.4,27613
514.5999999999999,24384
514.8000000000001,28273
515.0,26626
515.2,29710
515.4,31588
515.5999999999999,31476
515.8000000000001,33383
516.0,37551
516.2,33549
516.4,40447
516.5999999999999,38629
516.8000000000001,38566
517.0,40633
517.2,44733
517.4,45698
517.5999999999999,45434
517.8000000000001,47202
518.0,47549
518.2,46646
518.4,50653
518.5999999999999,49818
518.8000000000001,52430
519.0,51632
519.2,54668
519.4,55925
519.5999999999999,57481
519.8000000000001,57669
520.0,62391
520.2,60972
520.4,60048
520.5999999999999,61745
520.8000000000001,63025
521.0,65535
521.2,64743
521.4,59580
521.5999999999999,63623
521.8000000000001,61008
522.0,58605
522.2,57496
522.4,55151
522.5999999999999,53220
522.8000000000001,54293
523.0,50498
523.2,49971
523.4,51678
523.5999999999999,51915
523.8000000000001,45390
524.0,48414
524.2,42843
524.4,41264
524.5999999999999,39824
524.8000000000001,41177
525.0,43285
525.2,42251
525.4,37617
525.5999999999999,39588
525.8000000000001,36076
526.0,34675
526.2,31393
526.4,33120
526.5999999999999,30742
526.8000000000001,26862
527.0,31060
527.2,28201
527.4,28447
527.5999999999999,23825
527.8000000000001,26010
528.0,24456
528.2,19246
528.4,20793
528.5999999999999,21125
528.8000000000001,15114
529.0,12977
529.2,14710
529.4,15041
529.5999999999999,13810
529.8000000000001,11258
530.0,11476
530.2,10964
530.4,8248
530.5999999999999,8259
530.8000000000001,1652
531.0,5225
531.2,1888
531.4,0
531.5999999999999,0
531.8000000000001,1499
532.0,5645
532.2,2597
532.4,4374
532.5999999999999,3326
532.8000000000001,4810
533.0,11465
533.2,9985
533.4,8308
533.5999999999999,12754
533.8000000000001,13825
534.0,15660
534.2,13305
534.4,15378
534.5999999999999,21757
534.8000000000001,18937
535.0,20112
535.2,25208
535.4,23774
535.5999999999999,23973
535.8000000000001,25008
536.0,28822
536.2,29767
536.4,28441
536.5999999999999,29463
536.8000000000001,30469
537.0,30911
537.2,34928
537.4,32894
537.6,39499
537.8,37484
538.0,40014
538.2,37824
538.4,39632
538.6,40860
538.8,44043
539.0,44749
539.2,45519
539.4,45529
539.6,51250
539.8,51198
540.0,51883
540.2,52794
540.4,55804
540.6,54668
540.8,58175
541.0,55765
541.2,60980
541.4,58468
541.6,61534
541.8,61501
542.0,65535
542.2,65535
542.4,63953
542.6,65535
542.8,64394
543.0,61606
543.2,57580
543.4,58400
543.6,57868
543.8,54681
544.0,53024
544.2,51530
544.4,51147
544.6,52824
544.8,51055
545.0,50924
545.2,48532
545.4,42906
545.6,47340
545.8,43061
546.0,42930
546.2,39465
546.4,39824
546.6,40730
546.8,34510
547.0,33169
547.2,34382
547.4,34294
547.6,33414
547.8,32691
548.0,30761
548.2,31094
548.4,25005
548.6,23968
548.8,21815
549.0,24465
549.2,19723
549.4,20417
549.6,23034
549.8,19395
550.0,14587
550.2,16229
550.4,12214
550.6,13597
550.8,10388
551.0,13414
551.2,7971
551.4,11483
551.6,4846
551.8,5572
552.0,3883
552.2,6500
552.4,1682
552.6,512
552.8,1706
553.0,0
553.2,2914
553.4,3515
553.6,3773
553.8,7945
554.0,7245
554.2,6834
554.4,7813
554.6,12517
554.8,14935
555.0,16251
555.2,12635
555.4,18051
555.6,18069
555.8,17039
556.0,21177
556.2,20114
556.4,24395
556.6,22940
556.8,23317
557.0,22669
557.2,29309
557.4,28069
557.6,28755
557.8,33703
558.0,30468
558.2,33286
558.4,32269
558.6,37074
558.8,34805
559.0,38776
559.2,39310
559.4,40535
559.6,43895
559.8,43905
560.0,45736
560.2,42876
560.4,43687
560.6,49948
560.8,47572
561.0,53244
561.2,49354
561.4,55538
561.6,56341
561.8,53768
562.0,54825
562.2,56507
562.4,56908
562.6,61659
562.8,60382
563.0,65136
563.2,64343
563.4,63510
563.6,65535
563.8,61164
564.0,63796
564.2,60050
564.4,61016
564.6,59612
564.8,54537
565.0,57651
565.2,57762
565.4,55291
565.6,55303
565.8,53815
566.0,50845
566.2,51785
566.4,50685
566.6,43431
566.8,46009
567.0,46622
567.2,43941
567.4,39664
567.6,37638
567.8,41815
568.0,37716
568.2,35473
568.4,33589
568.6,31510
568.8,32458
569.0,33535
569.2,31061
569.4,27633
569.6,24984
569.8,25365
570.0,28131
570.2,24550
570.4,25342
570.6,24624
570.8,17499
571.0,17446
571.2,16576
571.4,17298
571.6,13842
571.8,14082
572.0,13392
572.2,13405
572.4,10998
572.6,6989
572.8,5701
573.0,6268
573.2,7460
573.4,4724
573.6,6082
573.8,1085
574.0,1211
574.2,0
574.4,3441
574.6,264
574.8,7022
575.0,8135
575.2,8986
575.4,5039
575.6,6827
575.8,12128
576.0,9187
576.2,13034
576.4,13676
576.6,13500
576.8,16541
577.0,20527
577.2,17819
577.4,22397
577.6,21610
577.8,22148
578.0,25675
578.2,26107
578.4,25583
578.6,29640
578.8,25959
579.0,29131
579.2,30651
579.4,34557
579.6,36973
579.8,36665
580.0,34201
580.2,35619
580.4,36472
580.6,39613
580.8,44116
581.0,44065
581.2,41692
581.4,47268
581.6,46672
581.8,45138
582.0,45765
582.2,47548
582.4,54365
582.6,53259
582.8,52920
583.0,54433
583.2,55931
583.4,54408
583.6,57581
583.8,62289
584.0,57993
584.2,60446
584.4,63009
584.6,65304
584.8,65535
585.0,63389
585.2,62004
585.4,60580
585.6,56903
585.8,58994
586.0,58380
586.2,55911
586.4,52376
586.6,56379
586.8,53401
587.0,54109
587.2,49188
587.4,50453
587.6,45091
587.8,46964
588.0,45774
588.1999999999999,41699
588.4000000000001,44944
588.6,41256
588.8,39810
589.0,40159
589.1999999999999,39378
589.4000000000001,35190
589.6,32359
589.8,37395
590.0,31355
590.1999999999999,30490
590.4000000000001,28757
590.6,32296
590.8,30225
591.0,24401
591.1999999999999,23743
591.4000000000001,22029
591.6,23558
591.8,21664
592.0,18049
592.1999999999999,17891
592.4000000000001,18494
592.6,17715
592.8,14572
593.0,14266
593.1999999999999,16175
593.4000000000001,15263
593.6,9160
593.8,7955
594.0,8953
594.1999999999999,4681
594.4000000000001,6610
594.6,6763
594.8,3775
595.0,1491
595.1999999999999,0
595.4000000000001,0
595.6,699
595.8,1912
596.0,1627
596.1999999999999,8132
596.4000000000001,6238
596.6,9371
596.8,11914
597.0,9386
597.1999999999999,11830
597.4000000000001,12752
597.6,16851
597.8,15387
598.0,18427
598.1999999999999,15411
598.4000000000001,18667
598.6,16857
598.8,18159
599.0,23665
599.1999999999999,25350
599.4000000000001,22554
599.6,29008
599.8,26618
600.0,26141
600.1999999999999,29194
600.4000000000001,31834
600.6,30981
600.8,36746
601.0,36993
601.1999999999999,36083
601.4000000000001,40066
601.6,35571
601.8,42530
602.0,43199
602.1999999999999,44331
602.4000000000001,45307
602.6,42694
602.8,42755
603.0,45127
603.1999999999999,47885
603.4000000000001,48218
603.6,51510
603.8,51306
604.0,50091
604.1999999999999,56732
604.4000000000001,54506
604.6,57120
604.8,58538
605.0,56267
605.1999999999999,63587
605.4000000000001,63683
605.6,62341
605.8,64306
606.0,65535
606.1999999999999,65535
606.4000000000001,60160
606.6,63351
606.8,60971
607.0,57266
607.1999999999999,59499
607.4000000000001,56132
607.6,56548
607.8,55347
608.0,53020
608.1999999999999,49046
608.4000000000001,47451
608.6,49712
608.8,48743
609.0,47659
609.1999999999999,45461
609.4000000000001,42740
609.6,44327
609.8,40120
610.0,37931
610.1999999999999,37922
610.4000000000001,36156
610.6,36948
610.8,35153
611.0,34496
611.1999999999999,30715
611.4000000000001,29628
611.6,33305
611.8,28089
612.0,27781
612.1999999999999,29923
612.4000000000001,28951
612.6,25241
612.8,26783
613.0,19988
613.1999999999999,20183
613.4,17405
613.6,15907
613.8000000000001,19521
614.0,14016
614.1999999999999,16456
614.4,15820
614.6,10962
614.8000000000001,10611
615.0,7638
615.1999999999999,10734
615.4,8937
615.6,4841
615.8000000000001,7196
616.0,1537
616.1999999999999,5825
616.4,3675
616.6,0
616.8000000000001,672
617.0,3680
617.1999999999999,5561
617.4,5746
617.6,6610
617.8000000000001,10172
618.0,5283
618.1999999999999,10780
618.4,12642
618.6,9826
618.8000000000001,10502
619.0,13967
619.1999999999999,15110
619.4,16951
619.6,17428
619.8000000000001,19271
620.0,21844
620.1999999999999,21870
620.4,21603
620.6,26616
620.8000000000001,22739
621.0,27094
621.1999999999999,28768
621.4,29306
621.6,29345
621.8000000000001,34372
622.0,31272
622.1999999999999,32345
622.4,32993
622.6,36350
622.8000000000001,40245
623.0,41468
623.1999999999999,41216
623.4,38702
623.6,39887
623.8000000000001,44841
624.0,43159
624.1999999999999,49427
624.4,49418
624.6,48272
624.8000000000001,48516
625.0,52811
625.1999999999999,49967
625.4,56771
625.6,54203
625.8000000000001,59128
626.0,58713
626.1999999999999,57699
626.4,60034
626.6,62496
626.8000000000001,60159
627.0,64158
627.1999999999999,65535
627.4,65535
627.6,64810
627.8000000000001,64436
628.0,61750
628.1999999999999,58398
628.4,59947
628.6,54888
628.8000000000001,58647
629.0,51777
629.1999999999999,54420
629.4,50349
629.6,48572
629.8000000000001,49904
630.0,50019
630.1999999999999,44158
630.4,45875
630.6,43369
630.8000000000001,46837
631.0,45614
631.1999999999999,40457
631.4,42790
631.6,40825
631.8000000000001,35642
632.0,35850
632.1999999999999,32047
632.4,30766
632.6,29530
632.8000000000001,28406
633.0,27940
633.1999999999999,28665
633.4,25042
633.6,24543
633.8000000000001,24851
634.0,22069
634.1999999999999,23475
634.4,24146
634.6,20108
634.8000000000001,18771
635.0,17718
635.1999999999999,18462
635.4,16945
635.6,13088
635.8000000000001,13709
636.0,13625
636.1999999999999,10897
636.4,10891
636.6,7749
636.8000000000001,4321
637.0,7974
637.2,3604
637.4,762
637.5999999999999,3682
637.8000000000001,2342
638.0,216
638.2,1625
638.4,4731
638.5999999999999,6961
638.8000000000001,2595
639.0,3605
639.2,11177
639.4,10010
639.5999999999999,9139
639.8000000000001,13036
640.0,15833
640.2,13674
640.4,13610
640.5999999999999,19159
640.8000000000001,18773
641.0,20706
641.2,22995
641.4,19511
641.5999999999999,21227
641.8000000000001,24956
642.0,26680
642.2,29755
642.4,27745
642.5999999999999,28942
642.8000000000001,28034
643.0,32907
643.2,31201
643.4,35565
643.5999999999999,38245
643.8000000000001,34329
644.0,39018
644.2,39626
644.4,43016
644.5999999999999,39968
644.8000000000001,39501
645.0,46036
645.2,44293
645.4,44033
645.5999999999999,48551
645.8000000000001,47830
646.0,49078
646.2,52373
646.4,54282
646.5999999999999,52542
646.8000000000001,55491
647.0,57387
647.2,55698
647.4,61078
647.5999999999999,57307
647.8000000000001,61880
648.0,61447
648.2,65309
648.4,62187
648.5999999999999,62644
648.8000000000001,65535
649.0,61251
649.2,64203
649.4,58227
649.5999999999999,59136
649.8000000000001,60313
650.0,56075
650.2,54941
650.4,55955
650.5999999999999,51665
650.8000000000001,53795
651.0,52924
651.2,51056
651.4,45332
651.5999999999999,45156
651.8000000000001,43882
652.0,41828
652.2,43275
652.4,43901
652.5999999999999,38275
652.8000000000001,39427
653.0,39232
653.2,38379
653.4,34588
653.5999999999999,34843
653.8000000000001,31341
654.0,32070
654.2,32168
654.4,26301
654.5999999999999,27785
654.8000000000001,25397
655.0,24906
655.2,26506
655.4,23116
655.5999999999999,20034
655.8000000000001,20317
656.0,20918
656.2,20903
656.4,19518
656.5999999999999,13855
656.8000000000001,14687
657.0,12769
657.2,10724
657.4,13687
657.5999999999999,8720
657.8000000000001,6186
658.0,4357
658.2,4911
658.4,7432
658.5999999999999,4819
658.8000000000001,3788
659.0,400
659.2,0
659.4,936
659.5999999999999,1792
659.8000000000001,4250
660.0,3327
660.2,8512
660.4,4817
660.5999999999999,8171
660.8000000000001,12368
661.0,14148
661.2,14766
661.4,13509
661.5999999999999,13855
661.8000000000001,18875
662.0,16792
662.2,19880
662.4,18020
662.6,21577
662.8,25348
663.0,26316
663.2,25378
663.4,29350
663.6,28091
663.8,27180
664.0,31137
664.2,34034
664.4,32566
664.6,31748
664.8,32443
665.0,34478
665.2,39735
665.4,38118
665.6,37960
665.8,43020
666.0,40174
666.2,45245
666.4,43788
666.6,48997
666.8,44441
667.0,45381
667.2,49859
667.4,48566
667.6,52440
667.8,51145
668.0,51920
668.2,55861
668.4,54540
668.6,61127
668.8,59632
669.0,62686
669.2,59851
669.4,64788
669.6,64620
669.8,63493
670.0,65535
670.2,60284
670.4,63743
670.6,58459
670.8,58894
671.0,56859
671.2,59135
671.4,57731
671.6,56595
671.8,53293
672.0,49909
672.2,51948
672.4,47392
672.6,49380
672.8,46132
673.0,46010
673.2,44989
673.4,42931
673.6,42732
673.8,40551
674.0,41999
674.2,37386
674.4,36808
674.6,36288
674.8,36872
675.0,32827
675.2,31758
675.4,34131
675.6,26650
675.8,29283
676.0,28311
676.2,25875
676.4,23456
676.6,26739
676.8,21812
677.0,22753
677.2,19431
677.4,17126
677.6,14888
677.8,15177
678.0,12449
678.2,13722
678.4,15309
678.6,12114
678.8,9964
679.0,8905
679.2,8489
679.4,6876
679.6,3708
679.8,4026
680.0,1970
680.2,255
680.4,0
680.6,1809
680.8,3573
681.0,2430
681.2,6356
681.4,5616
681.6,7996
681.8,9920
682.0,11029
682.2,9270
682.4,11639
682.6,13783
682.8,14227
683.0,13091
683.2,16318
683.4,17647
683.6,18409
683.8,20904
684.0,22344
684.2,22741
684.4,25828
684.6,22742
684.8,27205
685.0,28612
685.2,31136
685.4,33347
685.6,29176
685.8,30286
686.0,34398
686.2,37681
686.4,37659
686.6,40250
686.8,37612
687.0,42428
687.2,43295
687.4,42845
687.6,44890
687.8,46598
688.0,43549
688.2,50158
688.4,48625
688.6,49009
688.8,50002
689.0,55360
689.2,55516
689.4,57893
689.6,58837
689.8,58407
690.0,58065
690.2,60834
690.4,62909
690.6,61822
690.8,61138
691.0,64119
691.2,63056
691.4,62046
691.6,63996
691.8,58710
692.0,61572
692.2,61432
692.4,60224
692.6,58126
692.8,52894
693.0,53708
693.2,49938
693.4,50570
693.6,47662
693.8,48252
694.0,49347
694.2,44947
694.4,43622
694.6,44052
694.8,39210
695.0,41972
695.2,37290
695.4,40184
695.6,39016
695.8,38793
696.0,33430
696.2,32802
696.4,34350
696.6,34409
696.8,27273
697.0,27962
697.2,29370
697.4,28565
697.6,27878
697.8,22397
698.0,23922
698.2,19302
698.4,20261
698.6,21905
698.8,18130
699.0,15347
699.2,15486
699.4,15639
699.6,9750
699.8,9212
700.0,9353
700.2,11163
700.4,7583
700.6,8871
700.8,7226
701.0,6491
701.2,1435
701.4,2470
701.6,671
701.8,3130
702.0,3779
702.2,555
702.4,5554
702.6,6655
702.8,7923
703.0,5503
703.2,9905
703.4,12861
703.6,11496
703.8,10430
704.0,15273
704.2,14646
704.4,18819
704.6,18416
704.8,19414
705.0,23688
705.2,22078
705.4,23163
705.6,26342
705.8,25747
706.0,23839
706.2,30073
706.4,26257
706.6,29316
706.8,29071
707.0,34621
707.2,32875
707.4,33343
707.6,33841
707.8,40955
708.0,39376
708.2,41304
708.4,40558
708.6,40508
708.8,43447
709.0,45673
709.2,45619
709.4,49885
709.6,49350
709.8,50992
710.0,53507
710.2,52840
710.4,53798
710.6,52825
710.8,58770
711.0,55472
711.2,60682
711.4,58857
711.6,58807
711.8,64245
712.0,61210
712.2,65535
712.4,65535
712.6,65535
712.8,62269
713.0,64385
713.1999999999999,58753
713.4000000000001,61714
713.6,60521
713.8,54910
714.0,54588
714.1999999999999,54866
714.4000000000001,49609
714.6,48243
714.8,51359
715.0,47021
715.1999999999999,50798
715.4000000000001,45278
715.6,43261
715.8,43260
716.0,45044
716.1999999999999,42824
716.4000000000001,38768
716.6,40129
716.8,38771
717.0,35300
717.1999999999999,37453
717.4000000000001,36207
717.6,31822
717.8,34843
718.0,33464
718.1999999999999,31364
718.4000000000001,25517
718.6,24877
718.8,25483
719.0,22795
719.1999999999999,22859
719.4000000000001,24289
719.6,22788
719.8,20742
720.0,15144
720.1999999999999,19456
720.4000000000001,15255
720.6,14581
720.8,14590
721.0,14103
721.1999999999999,9115
721.4000000000001,9047
721.6,10864
721.8,9150
722.0,7051
722.1999999999999,3577
722.4000000000001,1834
722.6,1449
722.8,0
723.0,67
723.1999999999999,2626
723.4000000000001,5991
723.6,4000
723.8,6340
724.0,8209
724.1999999999999,9952
724.4000000000001,6524
724.6,12696
724.8,11605
725.0,14430
725.1999999999999,11439
725.4000000000001,17302
725.6,16089
725.8,17381
726.0,19778
726.1999999999999,17228
726.4000000000001,21307
726.6,21845
726.8,21880
727.0,24089
727.1999999999999,28212
727.4000000000001,26730
727.6,27481
727.8,32554
728.0,29383
728.1999999999999,29238
728.4000000000001,36459
728.6,34919
728.8,38413
729.0,39930
729.1999999999999,38705
729.4000000000001,38659
729.6,38282
729.8,42899
730.0,43492
730.1999999999999,45371
730.4000000000001,44884
730.6,44228
730.8,47863
731.0,47514
731.1999999999999,50518
731.4000000000001,53647
731.6,54886
731.8,57574
732.0,53152
732.1999999999999,55145
732.4000000000001,60952
732.6,62722
732.8,60706
733.0,63337
733.1999999999999,65535
733.4000000000001,65363
733.6,64364
733.8,65535
734.0,60880
734.1999999999999,62167
734.4000000000001,61069
734.6,57434
734.8,56768
735.0,59608
735.1999999999999,54369
735.4000000000001,56576
735.6,53513
735.8,48949
736.0,47515
736.1999999999999,52196
736.4000000000001,46695
736.6,46018
736.8,47491
737.0,41308
737.1999999999999,41241
737.4000000000001,44756
737.6,39402
737.8,41353
738.0,39485
738.1999999999999,37284
738.4,35845
738.6,33396
738.8000000000001,30697
739.0,29279
739.1999999999999,31073
739.4,30681
739.6,29806
739.8000000000001,26439
740.0,22834
740.1999999999999,27546
740.4,21591
740.6,24277
740.8000000000001,20158
741.0,16883
741.1999999999999,15588
741.4,16591
741.6,12765
741.8000000000001,16831
742.0,14296
742.1999999999999,14333
742.4,7868
742.6,10392
742.8000000000001,6500
743.0,10578
743.1999999999999,7848
743.4,6332
743.6,4577
743.8000000000001,4476
744.0,0
744.1999999999999,0
744.4,1006
744.6,2410
744.8000000000001,3448
745.0,7673
745.1999999999999,9046
745.4,6807
745.6,8934
745.8000000000001,6980
746.0,13688
746.1999999999999,10438
746.4,14008
746.6,12945
746.8000000000001,13204
747.0,18884
747.1999999999999,19399
747.4,21636
747.6,22176
747.8000000000001,22519
748.0,22656
748.1999999999999,25332
748.4,27981
748.6,28465
748.8000000000001,29505
749.0,30385
749.1999999999999,33223
749.4,29015
749.6,31229
749.8000000000001,36993
750.0,37203
750.1999999999999,33727
750.4,37783
750.6,38899
750.8000000000001,42445
751.0,41537
751.1999999999999,43228
751.4,47033
751.6,46806
751.8000000000001,49537
752.0,48672
752.1999999999999,48739
752.4,48867
752.6,50941
752.8000000000001,49956
753.0,53125
753.1999999999999,56232
753.4,56742
753.6,59299
753.8000000000001,61663
754.0,59317
754.1999999999999,63906
754.4,59748
754.6,64973
754.8000000000001,65535
755.0,65535
755.1999999999999,62339
755.4,61321
755.6,58968
755.8000000000001,57065
756.0,58886
756.1999999999999,56996
756.4,57479
756.6,55863
756.8000000000001,53165
757.0,53630
757.1999999999999,52677
757.4,47328
757.6,47606
757.8000000000001,46883
758.0,48363
758.1999999999999,46136
758.4,41558
758.6,44033
758.8000000000001,41353
759.0,40986
759.1999999999999,40811
759.4,35849
759.6,32899
759.8000000000001,34810
760.0,36140
760.1999999999999,30063
760.4,31334
760.6,27860
760.8000000000001,26400
761.0,25684
761.1999999999999,24307
761.4,27876
761.6,25015
761.8000000000001,19780
762.0,18678
762.2,21779
762.4,21376
762.5999999999999,16471
762.8000000000001,17372
763.0,15261
763.2,12285
763.4,13412
763.5999999999999,12906
763.8000000000001,13355
764.0,8431
764.2,5632
764.4,8353
764.5999999999999,3920
764.8000000000001,1821
765.0,1792
765.2,2184
765.4,273
765.5999999999999,0
765.8000000000001,1412
766.0,6151
766.2,5234
766.4,2662
766.5999999999999,6863
766.8000000000001,6327
767.0,7257
767.2,13408
767.4,11149
767.5999999999999,10478
767.8000000000001,13052
768.0,18614
768.2,18431
768.4,19581
768.5999999999999,21724
768.8000000000001,20055
769.0,23421
769.2,26105
769.4,21827
769.5999999999999,26328
769.8000000000001,26971
770.0,29513
770.2,28401
770.4,33284
770.5999999999999,34742
770.8000000000001,34651
771.0,36989
771.2,34655
771.4,35736
771.5999999999999,37175
771.8000000000001,39978
772.0,38779
772.2,44506
772.4,41529
772.5999999999999,43707
772.8000000000001,46056
773.0,48437
773.2,50429
773.4,47230
773.5999999999999,51190
773.8000000000001,51128
774.0,52240
774.2,52147
774.4,53534
774.5999999999999,59294
774.8000000000001,59990
775.0,59396
775.2,57066
775.4,62694
775.5999999999999,59558
775.8000000000001,63853
776.0,65535
776.2,63583
776.4,61035
776.5999999999999,59395
776.8000000000001,60427
777.0,58991
777.2,55496
777.4,57928
777.5999999999999,53861
777.8000000000001,57294
778.0,52465
778.2,53309
778.4,52691
778.5999999999999,51402
778.8000000000001,49250
779.0,48562
779.2,48252
779.4,43158
779.5999999999999,43808
779.8000000000001,41415
780.0,39029
780.2,42135
780.4,40233
780.5999999999999,37062
780.8000000000001,37220
781.0,34860
781.2,36485
781.4,31028
781.5999999999999,33256
781.8000000000001,29071
782.0,30640
782.2,30877
782.4,25550
782.5999999999999,26637
782.8000000000001,24200
783.0,21252
783.2,21864
783.4,17614
783.5999999999999,21326
783.8000000000001,19585
784.0,18478
784.2,18297
784.4,16809
784.5999999999999,14780
784.8000000000001,10604
785.0,8706
785.2,9854
785.4,7593
785.5999999999999,8298
785.8000000000001,5256
786.0,7477
786.2,4355
786.4,1622
786.5999999999999,0
786.8000000000001,0
787.0,4324
787.2,5376
787.4,7322
787.6,2110
787.8,7730
788.0,8341
788.2,10589
788.4,11710
788.6,8627
788.8,13195
789.0,14397
789.2,12625
789.4,18026
789.6,18047
789.8,18328
790.0,20343
790.2,20444
790.4,20302
790.6,24861
790.8,26229
791.0,28421
791.2,30803
791.4,28124
791.6,31202
791.8,33407
792.0,32329
792.2,30613
792.4,32182
792.6,34965
792.8,40702
793.0,35765
793.2,41895
793.4,42558
793.6,43098
793.8,42663
794.0,48081
794.2,43541
794.4,49129
794.6,49040
794.8,52318
795.0,50313
795.2,50170
795.4,55869
795.6,54218
795.8,54350
796.0,56725
796.2,58517
796.4,62051
796.6,60626
796.8,60301
797.0,62492
797.2,63020
797.4,65535
797.6,63257
797.8,60049
798.0,61417
798.2,63063
798.4,57768
798.6,60286
798.8,55206
799.0,52258
799.2,50942
799.4,53894
799.6,51987
799.8,50330
800.0,48902
800.2,48194
800.4,44767
800.6,46079
800.8,46833
801.0,45960
801.2,42526
801.4,38103
801.6,38547
801.8,39389
802.0,40081
802.2,36404
802.4,35383
802.6,30876
802.8,30023
803.0,27611
803.2,31529
803.4,29351
803.6,30028
803.8,26985
804.0,26735
804.2,20272
804.4,23824
804.6,18494
804.8,19843
805.0,15213
805.2,19933
805.4,16788
805.6,13252
805.8,11848
806.0,13115
806.2,9601
806.4,6711
806.6,6605
806.8,5116
807.0,5458
807.2,1650
807.4,6844
807.6,3858
807.8,2234
808.0,0
808.2,743
808.4,5705
808.6,2227
808.8,6736
809.0,5863
809.2,7472
809.4,9912
809.6,7994
809.8,8852
810.0,14497
810.2,13209
810.4,14145
810.6,13763
810.8,16144
811.0,20361
811.2,18717
811.4,22205
811.6,20547
811.8,23821
812.0,25799
812.2,25011
812.4,29889
812.6,27700
812.8,29839
813.0,31210
813.2,30881
813.4,35605
813.6,34580
813.8,33981
814.0,40070
814.2,39625
814.4,40023
814.6,43574
814.8,43727
815.0,45648
815.2,47600
815.4,45499
815.6,49900
815.8,48359
816.0,50957
816.2,49355
816.4,51219
816.6,55423
816.8,54376
817.0,52786
817.2,53551
817.4,57995
817.6,57731
817.8,60996
818.0,64154
818.2,60974
818.4,64129
818.6,63133
818.8,65535
819.0,60866
819.2,65107
819.4,60181
819.6,60452
819.8,56841
820.0,55999
820.2,59049
820.4,57357
820.6,52957
820.8,52550
821.0,50182
821.2,50902
821.4,50906
821.6,47240
821.8,43602
822.0,45739
822.2,46014
822.4,45032
822.6,42252
822.8,39392
823.0,36618
823.2,36077
823.4,36540
823.6,35635
823.8,33949
824.0,32799
824.2,29513
824.4,30735
824.6,26990
824.8,29297
825.0,29335
825.2,27738
825.4,22569
825.6,22634
825.8,19222
826.0,18699
826.2,21278
826.4,15418
826.6,18903
826.8,15137
827.0,14763
827.2,10122
827.4,13277
827.6,12105
827.8,5932
828.0,9770
828.2,6055
828.4,4605
828.6,4756
828.8,3670
829.0,3819
829.2,0
829.4,373
829.6,0
829.8,6586
830.0,3010
830.2,6723
830.4,5664
830.6,9914
830.8,11767
831.0,13296
831.2,15030
831.4,11911
831.6,16553
831.8,12491
832.0,15347
832.2,20276
832.4,17084
832.6,22476
832.8,22842
833.0,23099
833.2,22427
833.4,27592
833.6,29102
833.8,25031
834.0,28614
834.2,33205
834.4,34385
834.6,33543
834.8,33912
835.0,36309
835.2,33675
835.4,36062
835.6,41283
835.8,41618
836.0,38467
836.2,42437
836.4,42888
836.6,48555
836.8,43917
837.0,48327
837.2,49690
837.4,49525
837.6,48586
837.8,49627
838.0,53569
838.1999999999999,56334
838.4000000000001,58539
838.6,60099
838.8,58715
839.0,57804
839.1999999999999,59404
839.4000000000001,62897
839.6,65535
839.8,62307
840.0,65194
840.1999999999999,65535
840.4000000000001,61676
840.6,58046
840.8,59853
841.0,60025
841.1999999999999,55182
841.4000000000001,58145
841.6,53441
841.8,55476
842.0,50604
842.1999999999999,53500
842.4000000000001,46779
842.6,50401
842.8,50802
843.0,45837
843.1999999999999,42637
843.4000000000001,45146
843.6,44872
843.8,43824
844.0,40831
844.1999999999999,39295
844.4000000000001,34836
844.6,33744
844.8,37116
845.0,30851
845.1999999999999,32269
845.4000000000001,28547
845.6,29809
845.8,26896
846.0,26760
846.1999999999999,26827
846.4000000000001,26892
846.6,26707
846.8,24860
847.0,20516
847.1999999999999,18190
847.4000000000001,17646
847.6,20973
847.8,16374
848.0,12345
848.1999999999999,16057
848.4000000000001,11171
848.6,9718
848.8,13635
849.0,7322
849.1999999999999,7526
849.4000000000001,4230
849.6,7370
849.8,3295
850.0,3766
850.1999999999999,0
850.4000000000001,0
850.6,1994
850.8,475
851.0,1764
851.1999999999999,1192
851.4000000000001,4321
851.6,4295
851.8,8985
852.0,12326
852.1999999999999,12261
852.4000000000001,14320
852.6,13405
852.8,11276
853.0,14287
853.1999999999999,19309
853.4000000000001,14914
853.6,21754
853.8,17527
854.0,22063
854.1999999999999,22497
854.4000000000001,24213
854.6,22536
854.8,27173
855.0,30201
855.1999999999999,30333
855.4000000000001,32661
855.6,32886
855.8,35467
856.0,33114
856.1999999999999,32762
856.4000000000001,36530
856.6,34511
856.8,39867
857.0,42842
857.1999999999999,39670
857.4000000000001,39834
857.6,41941
857.8,44395
858.0,49121
858.1999999999999,49678
858.4000000000001,51429
858.6,47673
858.8,51518
859.0,51974
859.1999999999999,50264
859.4000000000001,53082
859.6,57336
859.8,55412
860.0,61673
860.1999999999999,57951
860.4000000000001,62704
860.6,63599
860.8,65535
861.0,65209
861.1999999999999,63843
861.4000000000001,63527
861.6,62785
861.8,63007
862.0,63332
862.1999999999999,57548
862.4000000000001,57200
862.6,54142
862.8,58413
863.0,54633
863.1999999999999,55657
863.4,49431
863.6,49087
863.8000000000001,48480
864.0,50830
864.1999999999999,49085
864.4,45867
864.6,47464
864.8000000000001,44744
865.0,44587
865.1999999999999,39554
865.4,42390
865.6,37177
865.8000000000001,36615
866.0,34002
866.1999999999999,33629
866.4,35080
866.6,32140
866.8000000000001,31443
867.0,30770
867.1999999999999,30305
867.4,24651
867.6,29031
867.8000000000001,21712
868.0,20182
868.1999999999999,24345
868.4,20963
868.6,20004
868.8000000000001,15416
869.0,15655
869.1999999999999,16463
869.4,14672
869.6,16384
869.8000000000001,14890
870.0,13340
870.1999999999999,8098
870.4,7222
870.6,10011
870.8000000000001,4624
871.0,7931
871.1999999999999,5750
871.4,1703
871.6,0
871.8000000000001,1282
872.0,0
872.1999999999999,3220
872.4,5806
872.6,3810
872.8000000000001,6917
873.0,7015
873.1999999999999,8224
873.4,9848
873.6,9320
873.8000000000001,14810
874.0,15228
874.1999999999999,12384
874.4,18210
874.6,20127
874.8000000000001,16634
875.0,18239
875.1999999999999,23682
875.4,23921
875.6,24983
875.8000000000001,22913
876.0,28424
876.1999999999999,24830
876.4,27220
876.6,32650
876.8000000000001,30772
877.0,33732
877.1999999999999,30200
877.4,33295
877.6,37385
877.8000000000001,36672
878.0,37485
878.1999999999999,40201
878.4,43796
878.6,41767
878.8000000000001,41656
879.0,45488
879.1999999999999,43191
879.4,48968
879.6,50994
879.8000000000001,49468
880.0,52593
880.1999999999999,51298
880.4,52344
880.6,51704
880.8000000000001,57481
881.0,56129
881.1999999999999,54824
881.4,60341
881.6,61926
881.8000000000001,60578
882.0,60847
882.1999999999999,61882
882.4,65535
882.6,61704
882.8000000000001,61220
883.0,63392
883.1999999999999,60471
883.4,60744
883.6,57219
883.8000000000001,57100
884.0,55841
884.1999999999999,54405
884.4,51492
884.6,50148
884.8000000000001,51788
885.0,48865
885.1999999999999,51046
885.4,48407
885.6,44234
885.8000000000001,42172
886.0,41564
886.1999999999999,41307
886.4,41636
886.6,40371
886.8000000000001,40949
887.0,39534
887.2,36670
887.4,37781
887.5999999999999,36417
887.8000000000001,33856
888.0,32929
888.2,31834
888.4,30386
888.5999999999999,25563
888.8000000000001,29111
889.0,23438
889.2,23810
889.4,24709
889.5999999999999,21324
889.8000000000001,21598
890.0,15930
890.2,20178
890.4,13359
890.5999999999999,13515
890.8000000000001,12763
891.0,14306
891.2,9133
891.4,9035
891.5999999999999,6827
891.8000000000001,7581
892.0,6578
892.2,7824
892.4,6512
892.5999999999999,3262
892.8000000000001,4712
893.0,494
893.2,3943
893.4,2264
893.5999999999999,993
893.8000000000001,4737
894.0,3532
894.2,6640
894.4,5366
894.5999999999999,11530
894.8000000000001,9219
895.0,11665
895.2,11426
895.4,14554
895.5999999999999,15917
895.8000000000001,15307
896.0,15439
896.2,19829
896.4,22301
896.5999999999999,22629
896.8000000000001,24148
897.0,27333
897.2,23936
897.4,25259
897.5999999999999,29093
897.8000000000001,27654
898.0,30452
898.2,33657
898.4,34627
898.5999999999999,37281
898.8000000000001,36986
899.0,37802
899.2,38680
899.4,37597
899.5999999999999,40582
899.8000000000001,39195
900.0,44687
900.2,43794
900.4,42815
900.5999999999999,47911
900.8000000000001,46372
901.0,46303
901.2,53541
901.4,54478
901.5999999999999,49758
901.8000000000001,53453
902.0,53244
902.2,58336
902.4,60522
902.5999999999999,57121
902.8000000000001,62680
903.0,58613
903.2,60706
903.4,65079
903.5999999999999,65535
903.8000000000001,63129
904.0,65535
904.2,59321
904.4,63755
904.5999999999999,56762
904.8000000000001,60718
905.0,55305
905.2,54902
905.4,54324
905.5999999999999,51955
905.8000000000001,53316
906.0,51174
906.2,50311
906.4,49771
906.5999999999999,44273
906.8000000000001,45611
907.0,46355
907.2,43041
907.4,44037
907.5999999999999,43164
907.8000000000001,37546
908.0,37697
908.2,35754
908.4,37555
908.5999999999999,36335
908.8000000000001,32968
909.0,32213
909.2,34455
909.4,33001
909.5999999999999,29382
909.8000000000001,29986
910.0,26209
910.2,27804
910.4,22313
910.5999999999999,20593
910.8000000000001,24383
911.0,22339
911.2,17828
911.4,14849
911.5999999999999,15138
911.8000000000001,18188
912.0,14372
912.2,13362
912.4,8477
912.6,10191
912.8,11250
913.0,9342
913.2,4485
913.4,2553
913.6,1984
913.8,1577
914.0,0
914.2,1082
914.4,0
914.6,3353
914.8,103
915.0,4323
915.2,6267
915.4,7316
915.6,4829
915.8,10770
916.0,8978
916.2,8771
916.4,10137
916.6,15377
916.8,16933
917.0,18728
917.2,20334
917.4,19391
917.6,19179
917.8,20023
918.0,25886
918.2,24591
918.4,22818
918.6,26714
918.8,24568
919.0,26283
919.2,29779
919.4,31304
919.6,32601
919.8,32254
920.0,34628
920.2,35394
920.4,37966
920.6,36561
920.8,39891
921.0,40791
921.2,42584
921.4,43864
921.6,45318
921.8,45189
922.0,45782
922.2,47235
922.4,51897
922.6,52274
922.8,51560
923.0,52122
923.2,56971
923.4,59167
923.6,60230
923.8,58547
924.0,61783
924.2,59352
924.4,60230
924.6,62774
924.8,63825
925.0,62687
925.2,63810
925.4,63063
925.6,58701
925.8,57264
926.0,59858
926.2,58462
926.4,54070
926.6,55772
926.8,56368
927.0,51578
927.2,53124
927.4,48205
927.6,47457
927.8,44814
928.0,43938
928.2,48457
928.4,45243
928.6,41520
928.8,40269
929.0,38004
929.2,38231
929.4,38769
929.6,34416
929.8,36129
930.0,36063
930.2,32517
930.4,30287
930.6,29060
930.8,27570
931.0,25318
931.2,28080
931.4,23604
931.6,24702
931.8,23504
932.0,24503
932.2,20749
932.4,18811
932.6,15424
932.8,19504
933.0,16089
933.2,12158
933.4,11319
933.6,15369
933.8,9095
934.0,10805
934.2,8751
934.4,6705
934.6,7500
934.8,5091
935.0,1215
935.2,1204
935.4,0
935.6,87
935.8,183
936.0,3719
936.2,6573
936.4,4489
936.6,6355
936.8,8436
937.0,8104
937.2,7125
937.4,10235
937.6,13095
937.8,15556
938.0,14995
938.2,17708
938.4,16123
938.6,20449
938.8,17996
939.0,20427
939.2,22431
939.4,23305
939.6,28032
939.8,25577
940.0,25582
940.2,30891
940.4,28010
940.6,31665
940.8,29816
941.0,35845
941.2,32549
941.4,34567
941.6,35711
941.8,40803
942.0,36798
942.2,40105
942.4,42482
942.6,41939
942.8,42728
943.0,48474
943.2,48689
943.4,51039
943.6,49230
943.8,47498
944.0,55053
944.2,54042
944.4,52268
944.6,54021
944.8,59698
945.0,58267
945.2,59039
945.4,58448
945.6,61471
945.8,65535
946.0,61739
946.2,65535
946.4,61268
946.6,65535
946.8,61886
947.0,62985
947.2,59838
947.4,60436
947.6,58372
947.8,52699
948.0,51473
948.2,53615
948.4,55032
948.6,51099
948.8,50856
949.0,45036
949.2,45793
949.4,47790
949.6,44753
949.8,45243
950.0,41994
950.2,40778
950.4,36402
950.6,37470
950.8,37742
951.0,33561
951.2,34815
951.4,33688
951.6,30469
951.8,28618
952.0,30963
952.2,30057
952.4,26064
952.6,25767
952.8,25143
953.0,22219
953.2,22749
953.4,20499
953.6,17134
953.8,17041
954.0,19450
954.2,14235
954.4,14191
954.6,11269
954.8,11071
955.0,8439
955.2,7723
955.4,6553
955.6,9198
955.8,6865
956.0,2738
956.2,3913
956.4,0
956.6,3396
956.8,0
957.0,0
957.2,1861
957.4,3839
957.6,3146
957.8,7754
958.0,5049
958.2,6574
958.4,9250
958.6,7713
958.8,11628
959.0,15293
959.2,16388
959.4,16419
959.6,14628
959.8,15047
960.0,21120
960.2,20409
960.4,19891
960.6,22432
960.8,21717
961.0,26186
961.2,24715
961.4,28544
961.6,32073
961.8,29305
962.0,29594
962.2,30297
962.4,37036
962.6,32383
962.8,35146
963.0,34788
963.1999999999999,38759
963.4000000000001,38794
963.6,42332
963.8,40785
964.0,46034
964.1999999999999,48294
964.4000000000001,49161
964.6,47121
964.8,49111
965.0,48074
965.1999999999999,49438
965.4000000000001,53976
965.6,54502
965.8,53453
966.0,58726
966.1999999999999,57133
966.4000000000001,62014
966.6,62727
966.8,63712
967.0,64463
967.1999999999999,64670
967.4000000000001,62891
967.6,65221
967.8,61429
968.0,59683
968.1999999999999,59473
968.4000000000001,62431
968.6,55679
968.8,55432
969.0,52865
969.1999999999999,56032
969.4000000000001,52315
969.6,54780
969.8,48158
970.0,50710
970.1999999999999,47543
970.4000000000001,50148
970.6,47572
970.8,44309
971.0,40934
971.1999999999999,45643
971.4000000000001,43632
971.6,41142
971.8,40172
972.0,37162
972.1999999999999,33678
972.4000000000001,37542
972.6,35215
972.8,33841
973.0,29459
973.1999999999999,30881
973.4000000000001,30876
973.6,27293
973.8,24105
974.0,24763
974.1999999999999,20874
974.4000000000001,23785
974.6,24677
974.8,19571
975.0,17837
975.1999999999999,20790
975.4000000000001,14157
975.6,16870
975.8,13668
976.0,13353
976.1999999999999,12603
976.4000000000001,12161
976.6,7373
976.8,6531
977.0,7456
977.1999999999999,2287
977.4000000000001,6913
977.6,4292
977.8,2246
978.0,0
978.1999999999999,0
978.4000000000001,2694
978.6,4656
978.8,6506
979.0,3440
979.1999999999999,9257
979.4000000000001,10254
979.6,7280
979.8,11907
980.0,9586
980.1999999999999,12492
980.4000000000001,15527
980.6,15119
980.8,15760
981.0,18988
981.1999999999999,17465
981.4000000000001,21559
981.6,19121
981.8,25028
982.0,21993
982.1999999999999,26011
982.4000000000001,25816
982.6,29615
982.8,26975
983.0,27184
983.1999999999999,28806
983.4000000000001,31000
983.6,36105
983.8,36780
984.0,38442
984.1999999999999,37734
984.4000000000001,38095
984.6,40177
984.8,38288
985.0,43385
985.1999999999999,41682
985.4000000000001,45219
985.6,46446
985.8,50633
986.0,46356
986.1999999999999,46750
986.4000000000001,52557
986.6,49309
986.8,55882
987.0,56287
987.1999999999999,57854
987.4000000000001,56909
987.6,61799
987.8,61058
988.0,60387
988.1999999999999,64857
988.4,65535
988.6,62431
988.8000000000001,65535
989.0,65535
989.1999999999999,61768
989.4,62807
989.6,57119
989.8000000000001,57568
990.0,58262
990.1999999999999,58087
990.4,56115
990.6,55400
990.8000000000001,49470
991.0,52612
991.1999999999999,52059
991.4,48878
991.6,49393
991.8000000000001,43739
992.0,45644
992.1999999999999,45348
992.4,42081
992.6,38786
992.8000000000001,42398
993.0,35903
993.1999999999999,37790
993.4,35305
993.6,36806
993.8000000000001,31218
994.0,34305
994.1999999999999,32174
994.4,29384
994.6,26679
994.8000000000001,29782
995.0,29304
995.1999999999999,25912
995.4,25100
995.6,20259
995.8000000000001,25179
996.0,19184
996.1999999999999,16537
996.4,19334
996.6,16023
996.8000000000001,16911
997.0,17174
997.1999999999999,14209
997.4,13517
997.6,12027
997.8000000000001,10491
998.0,5467
998.1999999999999,10282
998.4,4949
998.6,3289
998.8000000000001,1896
999.0,3408
999.1999999999999,0
999.4,2360
999.6,4251
999.8000000000001,2484
